{
  "version": "v1.0.0",
  "timestamp": "20251109_163935",
  "accuracy": 0.9918000102043152,
  "loss": 0.028410909697413445,
  "epochs": 10,
  "training_samples": 60000,
  "test_samples": 10000,
  "architecture": "CNN",
  "input_shape": [
    28,
    28,
    1
  ],
  "output_classes": 10
}