{
  "version": "v1.0.0",
  "timestamp": "20251109_160621",
  "accuracy": 0.9789999723434448,
  "loss": 0.0672152191400528,
  "epochs": 3,
  "training_samples": 60000,
  "test_samples": 10000,
  "architecture": "CNN",
  "input_shape": [
    28,
    28,
    1
  ],
  "output_classes": 10
}