{
  "version": "v2.0.0",
  "timestamp": "20251109_164807",
  "accuracy": 0.9923999905586243,
  "loss": 0.024871770292520523,
  "epochs": 10,
  "training_samples": 60000,
  "test_samples": 10000,
  "architecture": "CNN",
  "input_shape": [
    28,
    28,
    1
  ],
  "output_classes": 10
}